<?xml version="1.0" encoding="UTF-8"?>
<catalog>
    <book>
        <title>The Adventures of Sherlock Holmes</title>
        <author>Sir Arthur Conan Doyle</author>
        <genre>Mystery</genre>
        <publicationYear>1892</publicationYear>
        <isbn>978-1-85326-033-9</isbn>
        <publisher>Penguin Classics</publisher>
        <language>English</language>
    </book>
    <book>
        <title>Pride and Prejudice</title>
        <author>Jane Austen</author>
        <genre>Romance</genre>
        <publicationYear>1813</publicationYear>
        <isbn>978-1-59308-324-0</isbn>
        <publisher>Wordsworth Editions</publisher>
        <language>English</language>
    </book>
    <book>
        <title>Brave New World</title>
        <author>Aldous Huxley</author>
        <genre>Science Fiction</genre>
        <publicationYear>1932</publicationYear>
        <isbn>978-0-06-085052-4</isbn>
        <publisher>Harper Perennial Modern Classics</publisher>
        <language>English</language>
    </book>
    <book>
        <title>1984</title>
        <author>George Orwell</author>
        <genre>Dystopian Fiction</genre>
        <publicationYear>1949</publicationYear>
        <isbn>978-0-452-28423-4</isbn>
        <publisher>Signet Classics</publisher>
        <language>English</language>
    </book>
    <book>
        <title>To Kill a Mockingbird</title>
        <author>Harper Lee</author>
        <genre>Classic</genre>
        <publicationYear>1960</publicationYear>
        <isbn>978-0-06-112008-4</isbn>
        <publisher>Harper Perennial Modern Classics</publisher>
        <language>English</language>
    </book>
    <book>
        <title>Learning Web Design</title>
        <author>Jennifer Niederst Robbins</author>
        <genre>Web Programming</genre>
        <publicationYear>2018</publicationYear>
        <isbn>978-1491960202</isbn>
        <publisher>O'Reilly Media</publisher>
        <language>English</language>
    </book>
    <book>
        <title>Eloquent JavaScript</title>
        <author>Marijn Haverbeke</author>
        <genre>Web Programming</genre>
        <publicationYear>2018</publicationYear>
        <isbn>978-1593279509</isbn>
        <publisher>No Starch Press</publisher>
        <language>English</language>
    </book>
    <book>
        <title>Node.js Design Patterns</title>
        <author>Mario Casciaro</author>
        <genre>Web Programming</genre>
        <publicationYear>2014</publicationYear>
        <isbn>978-1783287314</isbn>
        <publisher>Packt Publishing</publisher>
        <language>English</language>
    </book>
    <!-- Add more web programming books as needed -->
</catalog>
